ra,dec,r_auto,mn170_pS
20.8015,-0.6411,14.0,0.08929168
30.5493,-0.1303,14.02,0.9943672
13.4697,0.9797,14.03,0.001794867
57.8805,1.1898,14.05,0.0017936401
344.5894,-1.1839,14.06,0.66038793
36.6179,1.1604,14.06,0.001998459
21.2621,0.4445,14.09,0.11554986
18.0359,-0.4102,14.1,0.99067444
14.0952,-1.2097,14.12,0.8852618
23.2582,-0.6899,14.17,0.9943672
48.0535,-1.0619,14.22,0.0020576369
2.1591,-0.7353,14.23,0.9942807
20.8071,-0.3852,14.24,0.9943672
314.6594,0.9126,14.27,0.0018014557
311.4565,0.178,14.27,0.9941057
343.1946,1.1328,14.28,0.99360996
331.5855,1.1211,14.28,0.001802553
42.5703,0.0919,14.29,0.99436706
348.6382,0.2362,14.3,0.9943672
331.1055,0.7155,14.31,0.0018322032
348.8093,-1.2421,14.33,0.0018096718
42.8962,-0.7338,14.34,0.98583317
353.3279,-0.4501,14.35,0.0018123473
327.8252,-0.957,14.35,0.0023563604
53.0334,0.3533,14.36,0.9943632
29.7973,0.1099,14.36,0.98635304
27.8057,-1.0607,14.37,0.0018011592
14.365,-0.4715,14.37,0.0018214554
35.4188,0.2553,14.37,0.004951563
51.3177,-0.409,14.38,0.0018563308
49.1326,-0.4681,14.4,0.9943673
348.9301,0.4168,14.4,0.9943673
54.0065,1.1048,14.42,0.0018128529
42.5327,-0.2669,14.42,0.0018024595
38.6726,-1.2385,14.45,0.03998642
30.8167,0.2989,14.46,0.0018524705
322.306,-0.2947,14.46,0.99429387
337.2695,-1.1849,14.47,0.0018127864
35.1106,-0.3128,14.49,0.014618747
6.4071,0.0368,14.49,0.0018481921
25.0728,-0.2946,14.49,0.0018820765
347.7918,-0.1522,14.49,0.0018002111
55.8082,-1.0187,14.5,0.0022388434
331.3143,-1.1259,14.52,0.0018241814
46.1523,-0.0375,14.52,0.9943668
20.0964,-0.0789,14.53,0.0017953798
0.0533,1.1203,14.53,0.9943673
20.6475,-0.5701,14.54,0.0019891737
18.697,1.1212,14.55,0.9943673
337.6382,1.0257,14.56,0.0072626196999999
38.4651,1.1372,14.57,0.009701538
51.68,-0.7695,14.58,0.0018413521
336.5144,1.2046,14.58,0.9853506
42.4205,-0.5234,14.58,0.9943673
28.7213,-0.5971,14.58,0.002754338
43.7632,-1.1893,14.59,0.9943672
27.9521,0.2638,14.6,0.9943667
24.6019,-0.2058,14.6,0.0019035718
12.9984,-0.4866,14.6,0.021845425
17.6593,-0.278,14.61,0.99436706
32.8019,-0.8259,14.61,0.99416035
29.2285,-0.6402,14.61,0.0018601862
24.3035,-0.5044,14.62,0.017179864
20.3233,-0.5976,14.63,0.0017966517
313.5181,0.7774,14.63,0.99406755
342.9298,0.4153,14.63,0.6407474
10.4423,1.1772,14.64,0.9943673
333.5868,1.0187,14.65,0.9942154
320.7445,1.0267,14.65,0.0021815766
346.6722,-0.8517,14.66,0.73493713
46.2857,0.3434,14.66,0.9943672
36.5051,1.0181,14.69,0.99433655
32.6755,-0.6384,14.69,0.9942878
318.3041,-0.3666,14.7,0.9943655999999998
313.8301,0.5406,14.71,0.9943645
313.2933,0.2325,14.72,0.11222778
12.4672,0.9631,14.72,0.9943672
354.9219,-0.0344,14.72,0.0018053709
24.6603,0.7415,14.72,0.99428
358.3792,-0.7401,14.72,0.23533772
359.4524,0.7956,14.73,0.001807653
42.9774,0.6647,14.73,0.9943673
323.1740000000001,-0.1278,14.73,0.99432445
38.7285,-0.7959,14.73,0.012733045
14.0445,-1.1167,14.76,0.0018247779
9.6172,0.1226,14.77,0.9943673
41.3074,-0.7461,14.77,0.0018193636
324.2598,0.4283,14.78,0.99119824
41.6393,-0.6542,14.78,0.0018578413
39.0983,0.7087,14.78,0.9943673
49.3603,-0.0941,14.79,0.99436706
38.844,-0.1168,14.79,0.0056679356
41.6946,-0.7288,14.79,0.9544484
55.185,1.0566,14.79,0.026870416
23.5531,-1.1248,14.79,0.0022368128
14.2109,0.3465,14.81,0.07912502
29.272,-0.4683,14.81,0.9942736
19.0137,-0.1146,14.81,0.99191874
339.6694,0.1009,14.81,0.0018292258
5.397,1.1656,14.82,0.99436694
32.2209,0.7869,14.82,0.99435955
14.2161,0.0058,14.83,0.97885466
7.4556,-1.2349,14.83,0.0017965954
29.7177,0.5683,14.83,0.9673788
42.4195,-0.5659,14.83,0.0021106699
56.9406,0.6867,14.84,0.0018389891
340.24,-1.2523,14.85,0.99436605
52.9352,0.7478,14.86,0.9937105
47.9578,0.1585,14.86,0.9040557
42.5419,-0.8671,14.87,0.81316715
339.8501,-1.0377,14.88,0.0019694488
16.5997,-0.1449,14.89,0.93375826
349.5615,0.7659,14.89,0.0709202999999999
20.0325,0.0771,14.89,0.99434584
30.4308,-1.0698,14.9,0.0018571917
14.2371,-1.2117,14.9,0.9943597
51.1697,-0.6815,14.9,0.9943505
9.8883,0.5975,14.91,0.008714095
46.3325,-0.9708,14.91,0.9943597
348.7078,-0.2413,14.91,0.9874351999999998
41.2437,-1.1709,14.91,0.0019103742
55.07100000000001,1.094,14.92,0.9943672
49.584,-0.8246,14.92,0.16130951
330.5068,0.1299,14.92,0.34914467
28.6097,-0.212,14.92,0.9943672
31.6771,-0.8603,14.93,0.99074334
18.6929,-0.0011,14.94,0.6482108
318.0478,-0.2587,14.94,0.9943672
18.0138,-0.0677,14.94,0.8808431999999999
350.3532,-0.9856,14.94,0.9786816
12.678,0.433,14.95,0.9942925
17.7117,0.1982,14.95,0.9943673
34.7485,0.33,14.96,0.99436706
350.661,-0.9843,14.96,0.9943538
17.7391,0.6343,14.96,0.9943197
18.726,0.3033,14.96,0.0022199664
339.9790000000001,-0.9885,14.97,0.0018010578
17.4239,1.1545,14.97,0.99436474
30.8167,-1.0403,14.98,0.0017947126
19.8062,-1.1444,14.98,0.0021307769
28.1012,-1.1417,14.99,0.9943633
14.6949,-0.7518,14.99,0.0018018194
50.772,0.3543,14.99,0.0018135969
318.3282,-0.1652,14.99,0.9943668
14.3573,-0.5199,15.0,0.002437558
46.3266,0.2156,15.0,0.9942363
18.5659,0.7655,15.0,0.9943673
7.4099,0.4102,15.0,0.99436706
18.4429,0.3058,15.0,0.9363375
52.1382,1.0067,15.01,0.0017962294
343.7918,-0.4094,15.01,0.0018141856
20.7049,0.0447,15.01,0.0036192702
14.4737,-0.8146,15.01,0.0018980489
29.2524,-0.0897,15.01,0.9943673
356.2337,1.127,15.02,0.002304771
26.8156,0.9634,15.03,0.00180312
355.2802,0.0953,15.03,0.0026295234
331.6603,1.1769,15.03,0.0020457844
38.6572,-0.9797,15.03,0.9940118
14.0249,0.6286,15.03,0.9892703000000002
310.2168,0.6528,15.04,0.9943655999999998
353.6749,0.1825,15.04,0.0019365747
13.8203,-0.9179,15.04,0.99436605
358.9383,-1.2555,15.04,0.0019379698
343.6105,1.2189,15.05,0.8210868
47.7721,-0.5466,15.05,0.99310476
355.3579,-0.6621,15.05,0.88882947
51.6441,-0.6478,15.05,0.9937733
53.4336,-0.5273,15.05,0.0018128614
51.1555,-0.4441,15.05,0.99284935
9.6111,-0.012,15.05,0.9943135
25.0603,-0.5151,15.06,0.9943672
356.0567,0.8039,15.07,0.99436694
49.9401,-0.0771,15.07,0.99430287
6.9899,-0.0612,15.08,0.9938233
14.5019,-0.2908,15.08,0.0025247794
333.2565,0.2445,15.09,0.35778633
19.2872,1.1047,15.09,0.0018340365
32.547,-1.2323,15.09,0.1285171
18.8198,0.1857,15.09,0.051407676
6.0452,-1.0203,15.1,0.0019292764
5.9758,-0.7248,15.1,0.0018470541
53.1713,-1.1838,15.1,0.9943673
349.8465,1.1261,15.1,0.99436176
322.9288,0.358,15.1,0.9943552
27.5294,-0.74,15.11,0.9943673
317.1528,0.0707,15.11,0.9279885
10.6638,0.2775,15.11,0.9943673
27.2203,-1.1319,15.12,0.20724252
51.1589,-0.422,15.12,0.0018801785
348.101,-1.1794,15.12,0.9943672
7.3982,-0.2352,15.13,0.0018231104
16.0631,-1.1141,15.13,0.9943645
321.4741,0.4162,15.13,0.99423236
20.8208,-0.9059,15.13,0.9943651
355.136,-0.551,15.14,0.9943558
15.3201,-1.0976,15.14,0.9943672
52.6212,0.752,15.14,0.9943651
7.4494,-0.2459,15.15,0.990455
18.7864,0.5760000000000001,15.15,0.8329089
33.1939,0.2139,15.15,0.98648435
14.3077,-0.6473,15.15,0.041967604
311.7638,0.4368,15.15,0.0060299286
57.2429,-0.5212,15.15,0.12561771
39.0454,-0.9761,15.16,0.9943667
19.8208,-0.1137,15.16,0.99323446
336.7677,0.7549,15.16,0.0018266453
40.8711,-1.0027,15.16,0.9943303
339.0714,1.2106,15.16,0.007129059
54.0324,-0.5964,15.17,0.99359906
49.2287,-0.042,15.17,0.22831202
41.1529,0.1421,15.17,0.23069139
343.2703,0.4082,15.17,0.0018210304
51.3696,0.2786,15.18,0.14707991
57.6747,1.0408,15.18,0.0018019808
46.2926,-0.3149,15.18,0.9943658
16.9736,0.3264,15.18,0.0045490214
27.7378,0.2345,15.19,0.0018143179
12.04,-0.9122,15.19,0.9943334
10.6891,0.977,15.19,0.0019311447
38.1462,1.0942,15.19,0.045121215
53.3814,0.6994,15.2,0.99436635
48.0379,0.0314,15.2,0.99427587
344.663,1.2158,15.2,0.0028400456
17.5714,0.3448,15.2,0.012926075
38.0428,1.2475,15.2,0.0918762
18.8799,0.2992,15.21,0.0027095694
14.0981,-0.9869,15.21,0.019899286
16.0304,-0.97,15.21,0.931413
330.2204,-0.7314,15.22,0.9943586
46.9677,0.4764,15.22,0.9936744
1.6202,-0.7841,15.22,0.99436474
326.8952,0.7733,15.22,0.0037356773
339.4845,-0.9768,15.22,0.7797231
21.4116,0.4345,15.22,0.9941056
16.7557,0.9099,15.22,0.0018319293
327.7121,-0.8478,15.23,0.9942849
18.8981,1.1443,15.23,0.88185817
18.6955,0.5247,15.23,0.9943514
14.3812,0.7656,15.23,0.013274213
22.8455,-0.6741,15.23,0.99436635
49.4574,-0.5547,15.23,0.98430437
38.6616,-1.1322,15.23,0.091592886
56.1398,-0.5962,15.24,0.0019687123
54.6905,1.168,15.24,0.0019017237
340.7649,-0.1435,15.24,0.0147419125
21.1587,-0.0628,15.25,0.9943673
5.9899,-0.7269,15.25,0.9891053
338.1306,0.6876,15.25,0.0059216307
358.7433,-1.0447,15.25,0.99436706
37.951,-1.157,15.25,0.99424213
51.6942,-0.6481,15.25,0.9943539
0.8436,1.0579,15.25,0.0020555346
337.6894,-1.1576,15.25,0.0059051816
322.3058,-0.5238,15.25,0.99427766
12.1565,1.2477,15.26,0.9784136999999998
24.4048,0.0402,15.26,0.9943672
347.9146,0.443,15.26,0.9943575
1.6511,-0.4731,15.26,0.15224789
331.8076,-0.5984,15.26,0.99436706
346.4232,0.2935,15.26,0.9941758
29.2277,-1.1147,15.27,0.9903142
4.4808,0.3353,15.27,0.99435943
39.508,0.3235,15.27,0.010167996
356.2702,-0.2708,15.27,0.9943673
47.1429,0.5509,15.27,0.004522548
56.624,0.7188,15.27,0.97570974
44.0918,-0.1532,15.27,0.9943593
46.347,-0.2421,15.28,0.9943672
28.9597,0.722,15.28,0.99424875
336.785,-0.7271,15.28,0.98965573
328.2461,-0.1509,15.28,0.8096108
345.7218,1.1276,15.28,0.9942821
44.2987,-0.223,15.28,0.99341184
353.4074,-0.3572,15.28,0.97663707
46.6365,-0.5608,15.29,0.0046553398
8.9287,1.2171,15.29,0.99400795
30.4924,-0.9977,15.29,0.99420035
32.6383,0.7383,15.29,0.9943673
6.231,0.5303,15.3,0.9943666
47.1187,0.3877,15.3,0.99436706
9.2671,-1.1523,15.3,0.09121391
32.162,0.1285,15.3,0.9940754
348.1337,-0.1102,15.3,0.9879538
43.8474,-0.0088,15.3,0.9943634
318.4332,0.5749,15.31,0.9943591
43.3325,-1.1333,15.31,0.9943673
348.7568,0.0723,15.31,0.99432725
319.9198,0.121,15.32,0.9943668
52.7084,0.522,15.32,0.12642643
333.3145,-0.6337,15.32,0.0020763734
47.0227,-0.9785,15.32,0.95347685
45.1562,-1.1262,15.32,0.9942966
46.4014,0.4601,15.33,0.994354
28.2051,-1.0017,15.33,0.014687994
7.7634,-0.7755,15.33,0.9346043
41.7258,-0.5652,15.33,0.35392594
25.3413,0.3712,15.33,0.9937163
19.7269,-0.6832,15.34,0.99436617
351.6296,0.8371,15.34,0.9943655999999998
16.1396,-0.3201,15.34,0.0022949066
24.6693,-0.1593,15.34,0.9942154
28.8995,-0.3912,15.34,0.7441875
355.8949,0.5678,15.35,0.001891403
10.0863,0.8809,15.35,0.0021911603
331.3434,-0.4957,15.36,0.08517845
317.6327,0.895,15.36,0.0022350897
321.9152,-1.1022,15.36,0.99436617
352.6361,-0.1372,15.36,0.99436694
323.8713,0.2683,15.36,0.002118853
54.597,-1.1841,15.37,0.005440539
349.8118,1.0072,15.37,0.994284
333.3543,-0.1392,15.37,0.0023508025
18.837,0.2593,15.37,0.994306
352.9632,-0.9638,15.37,0.9943673
47.2525,-0.9823,15.37,0.9943673
40.526,-0.8933,15.38,0.9943634
48.1652,-1.0475,15.38,0.004340065
18.7805,0.4659,15.38,0.24454686
346.6947,-0.3223,15.38,0.9943667
14.0139,-0.828,15.39,0.99411184
54.0456,-0.5820000000000001,15.39,0.001899285
325.9695,-0.9826,15.39,0.99433005
42.0327,-0.7523,15.39,0.9943673
44.1685,-0.9373,15.39,0.99431664
346.7854,-0.4811,15.39,0.9943666
19.6483,-0.233,15.4,0.9943673
311.6072,-0.792,15.4,0.008304088
322.523,-0.9558,15.4,0.994027
13.4392,0.9269,15.4,0.0019184191
339.8172,-0.993,15.4,0.020802373
314.1735,-0.8183,15.4,0.70945466
20.9781,0.2824,15.41,0.99409544
55.9897,0.4379,15.41,0.0018863316
20.0019,-0.474,15.41,0.99405706
36.2727,-0.6039,15.41,0.39527944
14.1494,-0.5311,15.41,0.98768395
358.5574,0.357,15.41,0.32927573
312.2812,1.1441,15.42,0.98939896
42.3708,-0.5673,15.42,0.0054907403
309.7794,0.5547,15.42,0.9741983
11.907,-0.1213,15.42,0.9938054
4.2866,-0.958,15.42,0.9943673
13.0176,0.0933,15.42,0.99436283
52.6198,0.8115,15.42,0.9943673
1.8342,0.4926,15.42,0.002107285
13.8067,-1.0759999999999998,15.43,0.9943673
25.8435,-0.9472,15.44,0.0030784472
5.1222,-0.555,15.44,0.9943171
322.501,-0.5263,15.44,0.990831
353.4308,-0.5697,15.44,0.9943351
8.5957,0.276,15.44,0.0020893577
327.521,0.3993,15.44,0.12405598
346.4955,0.8703,15.45,0.9943566
11.1979,-0.4274,15.45,0.0018229957
46.6125,-0.8468,15.45,0.983033
18.7258,0.5074,15.45,0.8863661
18.6305,0.7918,15.45,0.9943663
18.6069,0.5361,15.45,0.9943673
23.1061,0.9767,15.46,0.9943652
45.4757,0.8636,15.46,0.992706
56.699,-1.232,15.46,0.9940714
39.6671,0.4841,15.46,0.99436706
30.556,-0.8512,15.46,0.9607055
47.4927,-0.5667,15.46,0.7929183000000001
354.1066,1.0799,15.46,0.0019458891
12.6827,1.0273,15.46,0.0035570909
48.4357,-0.3856,15.47,0.9897546
38.4846,0.9239,15.47,0.99436694
40.3956,1.2348,15.47,0.99431074
326.5612,1.1422,15.48,0.001919009
34.4786,0.2519,15.48,0.9943672
347.0384,0.176,15.48,0.0021773465
334.1965,-0.8352,15.49,0.0017995429
357.9039,0.8854,15.49,0.039098028
328.42800000000005,0.1399,15.49,0.9943652
46.1699,-0.1201,15.49,0.9943673
312.0236,0.0688,15.49,0.9943575
18.7729,0.3222,15.49,0.98896897
23.1965,1.2627,15.49,0.001964641
313.4816,-0.643,15.49,0.0019283125
2.7678,-0.992,15.49,0.99129206
41.6137,-0.6585,15.49,0.99435
316.0327,-0.7701,15.5,0.005878922
52.713,-1.195,15.5,0.0058857207
356.3288,-0.1471,15.5,0.99426234
30.7147,0.0874,15.5,0.09175335
343.2687,1.1445,15.5,0.8871950000000001
49.0882,0.4795,15.5,0.9806176
14.2945,-1.0187,15.51,0.061682787
327.6005,1.1163,15.51,0.9898107
47.7875,0.2353,15.51,0.99052244
42.3913,-0.5885,15.51,0.0031088502
319.5036,0.5708,15.51,0.006700762
40.4618,-0.8407,15.52,0.0019109031
28.5259,0.9506,15.52,0.99436283
338.4105,-0.0083,15.52,0.0020066232
41.8463,0.0588,15.52,0.0034785147
42.4555,-0.7934,15.52,0.9943304
41.4316,-0.5393,15.52,0.9943672
20.9171,0.6824,15.53,0.9943667
349.7095,0.9971,15.53,0.0109414235
327.4738,0.6069,15.53,0.8445845
11.6008,0.0024,15.53,0.0018126173
41.8667,0.6519,15.53,0.9943468
51.2289,0.606,15.53,0.004692353
319.1671,-0.7737,15.53,0.0017988287
338.3261,0.4755,15.53,0.97530603
56.0773,-0.393,15.54,0.99430895
17.898,0.4623,15.55,0.9943672
9.7358,0.2993,15.55,0.54677165
13.8594,0.606,15.55,0.018088717
48.1721,1.0089,15.55,0.9943673
345.3114,1.2195,15.55,0.0020900955
28.1968,1.1055,15.55,0.10389241
37.7792,-1.1052,15.55,0.9943403
338.3093,-0.8292,15.55,0.0018487375
314.4808,0.1198,15.55,0.9940796
313.6004,-0.8088,15.55,0.0018072168
321.072,1.0284,15.56,0.9940831
15.349,-0.9529,15.56,0.98392916
19.779,-1.2648,15.56,0.99416816
309.7055,0.6909,15.57,0.0018746832
357.5864,-0.4097,15.57,0.9943663
333.4723,0.6955,15.57,0.9943672
359.1611,1.0831,15.57,0.98785025
16.8082,0.7928,15.57,0.9816814
9.5884,0.1056,15.58,0.99431807
39.8297,0.2484,15.58,0.0037192164
30.9916,-0.9711,15.58,0.8845489
351.087,1.261,15.58,0.9771846
12.7319,0.6508,15.58,0.0020960863
32.1591,-1.243,15.58,0.99292785
38.9363,-0.1881,15.58,0.00183982
5.0199,-0.2016,15.58,0.0023085163
29.6459,-0.4855,15.58,0.9673216
324.2683,-0.5833,15.59,0.99431545
341.0988,-0.8844,15.59,0.18485744
336.5073,0.6809999999999999,15.59,0.9866948
49.8457,0.8235,15.59,0.9943673
37.9107,-1.0826,15.59,0.99436164
326.8141,0.7244,15.6,0.2455134
20.2353,-0.1056,15.6,0.002110917
330.7238,-0.7845,15.6,0.049326375
15.2865,0.0393,15.6,0.0019401136
11.9205,-0.8575,15.6,0.11062391
353.6509,0.6404,15.6,0.0018124612
340.6245,-0.3927,15.6,0.9943672
30.7327,0.7407,15.61,0.22075348
45.7044,-1.2434,15.61,0.01692117
322.6079,-0.4742,15.61,0.99201643
26.5529,-0.6434,15.61,0.0023801222
22.6518,0.4586,15.61,0.008509199
47.0293,0.4562,15.61,0.7918653
6.1298,-0.9228,15.61,0.003779334
48.2629,0.356,15.61,0.9943668
15.2664,0.0507,15.62,0.26269117
58.0818,0.3758,15.62,0.99291855
45.2732,0.7559999999999999,15.62,0.9713324
355.8678,-0.0303,15.62,0.9943673
30.9729,-0.9766,15.62,0.0020820692
30.4885,-1.1311,15.63,0.9935828
12.1082,1.2489,15.63,0.8112901
22.3606,-1.1997,15.63,0.9943673
333.2133,-1.0972,15.63,0.9878562
14.9708,-0.7931,15.63,0.008505634
5.7084,0.7711,15.64,0.0020836547
322.2626,-0.4733,15.64,0.9943673
50.6366,-0.001,15.64,0.7721664
324.7521,-0.5143,15.64,0.9942741
317.0896,-1.137,15.64,0.3052389
51.4356,-0.5085,15.64,0.39451972
353.1258,-0.4908,15.64,0.3284294
347.2876,-0.8717,15.64,0.99372596
10.2188,-0.279,15.64,0.9871601
19.8963,0.4671,15.64,0.9942879
16.3918,-0.7515,15.64,0.0021168443
322.7094,-0.9274,15.65,0.99436635
35.3856,-0.3078,15.65,0.028100874
46.8937,-1.0494,15.65,0.99328554
16.8287,-0.7809,15.65,0.003075892
8.7856,-0.1336,15.65,0.9943673
4.6135,0.6337,15.65,0.92576563
53.1857,-1.1535,15.65,0.9809092
359.8396,0.4587,15.65,0.9124213
338.5514,0.9923,15.66,0.9943663
352.4346,0.2907,15.66,0.9909044
321.1443,0.9791,15.66,0.9915147
339.9011,-0.6912,15.66,0.99435365
43.9455,-0.1043,15.66,0.9939166
354.776,-0.4375,15.66,0.9943672
6.766,0.4605,15.66,0.9943673
329.025,0.8664,15.66,0.13233505
333.0724,0.2682,15.66,0.99433327
7.385,-0.5656,15.67,0.0018346529
50.8577,-0.5720000000000001,15.67,0.99435246
24.9012,-0.4465,15.67,0.15999012
48.5707,0.9061,15.67,0.99436164
355.5651,-0.6294,15.67,0.99433595
23.917,-0.4663,15.67,0.9943672
357.0749,1.1048,15.67,0.0018311929
14.4435,-0.5823,15.67,0.0023499886
38.2536,0.6742,15.67,0.010598963
320.4442,-0.1606,15.68,0.00914198
56.7814,1.0003,15.68,0.99137723
12.4522,0.9849,15.68,0.03181094
57.2483,0.926,15.68,0.9943672
354.4338,0.3579,15.68,0.9943667
320.9252,0.9052,15.68,0.9943655999999998
333.8587,0.0735,15.68,0.99433655
43.9537,1.0793,15.68,0.994365
319.0915,1.0849,15.68,0.9943193
42.1434,-0.9932,15.69,0.9943614
41.1849,0.785,15.69,0.966698
36.1599,-1.134,15.69,0.02663309
354.1965,1.1898,15.69,0.0027591619
349.4682,0.943,15.69,0.99436635
43.4101,1.2034,15.69,0.6226673
30.0327,-1.0155,15.69,0.99393713
12.8594,0.652,15.69,0.00979188
336.5056,0.2625,15.69,0.002002609
47.8891,-0.7428,15.69,0.99427164
1.8625,0.9202,15.69,0.026034169
16.9822,-0.4164,15.69,0.0018091929
1.0909,1.0892,15.7,0.0039546937
40.2713,0.9314,15.7,0.98888063
355.5547,-0.5125,15.7,0.9943562
345.3108,1.232,15.7,0.98527235
28.431,-0.9718,15.7,0.9943615
340.0298,-0.8923,15.7,0.6405807
45.3593,-0.0737,15.7,0.35811624
357.5263,-0.4691,15.71,0.8620949
8.2319,-0.0209,15.71,0.9943668
341.5901,-0.0616,15.71,0.30557206
30.3563,1.0984,15.71,0.07683428
15.7468,0.4306,15.71,0.9932352
20.8107,-0.7007,15.72,0.99436593
32.0746,1.1008,15.72,0.99436706
317.045,-0.4742,15.72,0.98766774
52.023,0.0221,15.72,0.987914
349.96,1.0696,15.72,0.9943673
351.1862,1.0302,15.72,0.9943287
353.5126,0.3654,15.72,0.99419785
2.4016,0.8859999999999999,15.72,0.020939544
311.502,0.3921,15.72,0.0018308825
340.2427,-0.8316,15.73,0.89462596
4.1974,-0.6444,15.73,0.9497283
326.8441,0.765,15.73,0.99369496
330.2108,-0.5676,15.73,0.0052774847
30.6885,-1.099,15.73,0.5389268
18.0221,-0.1611,15.73,0.9937052
16.8467,0.672,15.73,0.07365469
22.8409,-0.5953,15.74,0.0038569348
13.4963,-1.2682,15.74,0.9129902
328.8017,0.9852,15.74,0.2897204
42.3974,-0.7236,15.74,0.9943672
53.7596,0.3818,15.74,0.35904816
18.3135,0.4373,15.74,0.9943652
13.2409,0.3688,15.74,0.993929
350.2141,-1.0113,15.74,0.9915558
39.4336,-0.7257,15.74,0.5329837
20.0067,-0.1375,15.74,0.9927383
44.602,0.6377,15.74,0.99434954
15.997,-0.7937,15.75,0.9943634
353.2603,0.8873,15.75,0.99436355
31.1604,-0.8104,15.75,0.02707405
1.7378,0.6913,15.75,0.9910433
1.7523,0.903,15.75,0.0021970805
37.3622,-0.7023,15.75,0.9632077
33.4865,0.5313,15.75,0.99436694
14.4719,0.4304,15.75,0.0028485262
6.2793,1.2394,15.75,0.021808721
312.4821,0.8997,15.75,0.00458439
39.6993,1.2226,15.75,0.97097284
39.408,-0.9056,15.75,0.9943546999999998
46.1645,-0.8415,15.75,0.9943673
339.711,0.3221,15.76,0.9943568000000002
51.473,-0.58,15.76,0.9562311
30.191,-0.9079,15.76,0.99436706
353.1053,-0.847,15.76,0.99127144
14.9735,0.3742,15.77,0.9942992
6.6376,0.5039,15.77,0.021315852
350.0914,1.2303,15.77,0.9943673
3.8793,-0.8015,15.77,0.99434704
14.5748,-1.1489,15.77,0.0018496483
27.937,1.0957,15.77,0.048658762
29.2973,-0.4739,15.77,0.024160476
350.9051,0.4234,15.78,0.1181313999999999
37.8052,1.2449,15.78,0.9943672
14.0944,-0.3451,15.78,0.9943125
26.5302,-0.6175,15.78,0.7818147
19.3525,-1.0655,15.78,0.99375206
350.5983,1.1083,15.78,0.002015932
48.5733,-0.6097,15.79,0.0018010666
346.9335,-0.7384,15.79,0.9943666
324.4042,-0.1838,15.79,0.37030154
47.593,0.4268,15.79,0.993898
48.9578,-0.3349,15.79,0.8729642
321.6661,0.3085,15.79,0.005587442
5.3469,-0.3606,15.8,0.9943634
46.5493,-1.1832,15.8,0.30934808
15.2946,-1.1664,15.8,0.8731479
56.8474,0.8754,15.8,0.99417466
56.3299,-0.5007,15.8,0.99413294
28.5486,-1.1972,15.8,0.26514378
316.8658,0.8165,15.8,0.2439744
349.2574,1.1212,15.81,0.0018773556
14.1703,-1.0345,15.81,0.9267302
344.4992,-0.9221,15.81,0.27149203
42.9776,-0.9801,15.81,0.072334714
19.4339,0.2543,15.81,0.99268085
41.0062,0.1763,15.81,0.9755559
337.2352,0.1392,15.81,0.0018094048
324.2446,0.1396,15.81,0.13463883
8.6639,-0.4129,15.82,0.0027246948
14.0456,-0.1451,15.82,0.9931786
356.2808,1.0639,15.82,0.0067967144
33.5075,-0.9774,15.82,0.9943387
325.3099,0.0214,15.82,0.9943673
19.2235,0.1532,15.82,0.99436635
321.3259,0.1849,15.82,0.055254385
52.4427,0.9819,15.82,0.08527717
344.6018,0.8999,15.83,0.07444701
318.9408,-1.0197,15.83,0.99431795
21.374,-0.7037,15.83,0.994365
42.5749,-0.3554,15.83,0.99436694
27.4928,-0.5870000000000001,15.83,0.0018277881
343.1173,0.2945,15.84,0.002227241
18.7867,0.2658,15.84,0.9932633
353.3013,0.9491,15.84,0.09734388
341.8856,0.1639999999999999,15.84,0.9811065
327.5187,0.4426,15.84,0.0068076406999999
32.648,-0.9376,15.84,0.9943488
56.0391,-0.3601,15.84,0.9943673
334.8596,0.9284,15.84,0.99431026
332.8040000000001,-1.0269,15.84,0.99435353
32.5708,-0.2633,15.84,0.9812464
18.8833,0.2898,15.85,0.8544398000000001
320.9133,-0.5488,15.85,0.9943605
327.7211,0.5974,15.85,0.0043604523
323.1925,0.3571,15.85,0.98847735
18.643,-0.4842,15.85,0.9932997
316.4886,-0.3701,15.85,0.9943467
50.7417,0.0541,15.85,0.9943672
338.2504,0.5207,15.85,0.9942034
332.55800000000005,0.9216,15.85,0.9935913
53.5741,1.0843,15.85,0.0028161444
53.5345,1.1483,15.85,0.99410135
332.9969,-0.2533,15.85,0.99417526
13.8825,-0.5302,15.86,0.0022160744
31.2908,-0.1572,15.86,0.0034530638
52.2031,0.9189,15.86,0.106406644
328.575,0.9422,15.86,0.9531765
38.6508,-0.4143,15.86,0.9940578
331.7692,-0.1,15.86,0.040643897
359.9739,0.5562,15.87,0.9942023
339.0969,-0.7906,15.87,0.99429965
41.5743,-0.6071,15.87,0.99201655
320.1905,0.7909999999999999,15.87,0.28737992
12.5102,-0.1323,15.87,0.99436635
19.3574,-0.591,15.87,0.00192047
35.6836,0.1298,15.87,0.9065897
14.1926,0.1867,15.88,0.99246854
13.8893,0.4328,15.88,0.97183627
9.5978,-0.608,15.88,0.9943663
340.0302,-0.3106,15.88,0.018202605
40.9691,0.1527,15.88,0.9943672
42.7313,0.3669,15.88,0.99436307
46.9461,0.2699,15.89,0.9943672
5.4266,-0.8756,15.89,0.002554319
21.1632,0.8345,15.89,0.988896
48.5455,1.1017,15.89,0.14061521
15.9371,-1.1768,15.89,0.017187966
16.0564,-0.5033,15.89,0.79633546
26.7534,-0.8271,15.89,0.0024260702
328.362,0.3716,15.89,0.99435824
9.8764,0.1699,15.89,0.0019689596
47.033,-1.2368,15.9,0.9943673
350.3926,0.4478,15.9,0.9943668
15.2546,-0.4123,15.9,0.8631383
43.9736,0.8604,15.9,0.55101186
16.5481,-0.6168,15.9,0.9943482
350.9878,0.5908,15.9,0.0018506134
37.7887,-0.1869,15.91,0.03159398
354.546,-0.463,15.91,0.61979866
15.844,-0.4617,15.91,0.2797822
11.5791,0.3776,15.91,0.13694844
353.1702,-0.5632,15.91,0.0029739733
17.0454,-0.1014,15.91,0.9943673
332.4522,0.8294,15.91,0.9779221
327.3283,-1.0071,15.91,0.7608371
14.5622,-0.2269,15.91,0.99371207
30.8075,1.0068,15.91,0.9943591
28.3756,-1.0955,15.92,0.07953799
18.6244,0.2153,15.92,0.9943672
2.8114,0.4779,15.92,0.8878403
18.703,0.23,15.92,0.82530063
50.2921,-0.2214,15.92,0.99322754
39.0583,-0.6976,15.92,0.9943673
318.2823,1.2298,15.92,0.9935184
346.6024,0.1616,15.93,0.9942063
2.2827,-0.6064,15.93,0.8729938
57.9737,-0.3774,15.93,0.004152107
14.3638,-0.5684,15.93,0.98776
322.7645,-0.5762,15.93,0.007029806
359.922,0.6371,15.93,0.0018022413
18.0112,-0.2637,15.94,0.9632744
319.0361,-1.2598,15.94,0.9943673
16.4537,-1.1493,15.94,0.009309788
11.6203,0.106,15.94,0.01546094
330.5393,1.0445,15.94,0.99197054
336.0479,0.2272,15.94,0.7525012
31.5848,0.7199,15.94,0.20653422
36.49,1.2141,15.95,0.06801548
5.9554,-0.3009,15.95,0.9942761
312.1829,-0.9365,15.95,0.9938896
28.6142,-0.7956,15.95,0.99436694
343.2474,0.4499,15.95,0.99361306
28.903,0.978,15.95,0.9929416
323.7618,-0.1708,15.95,0.92869884
38.2958,0.0674,15.95,0.42338106
17.5788,0.1301,15.95,0.28310293
15.3262,-1.1684,15.95,0.0023504782
320.8462,1.0473,15.95,0.9943098
53.544,1.1033,15.95,0.9939719
337.0549,0.0307,15.96,0.04221867
330.7634,0.7433,15.96,0.99107134
53.5659,1.0227,15.96,0.9809749
326.0405,-0.8792,15.96,0.99403197
33.0384,1.0389,15.96,0.994344
323.135,1.0774,15.96,0.9761679
37.7135,0.7887,15.96,0.17792585
355.8617,0.3605,15.96,0.9455239
29.0857,1.0443,15.96,0.974132
340.6707,-0.4226,15.96,0.9524437
355.0825,0.1003,15.96,0.9943673
343.3874,-0.4118,15.96,0.5053858
324.092,0.9477,15.96,0.99436706
14.0865,0.9062,15.96,0.9943203000000002
11.2097,-0.1965,15.96,0.99434847
30.939,-0.9609,15.96,0.0021611943
16.36,-0.9,15.96,0.93462646
19.8539,0.6263,15.96,0.97755116
45.9752,-1.1876,15.97,0.99434966
52.5261,0.616,15.97,0.011081107
54.8918,-0.5119,15.97,0.99436283
322.242,-0.3423,15.97,0.99431396
8.2139,1.2195,15.97,0.9629465
40.6136,1.0373,15.97,0.9943289
2.3314,0.5992,15.97,0.9943672
350.3409,-0.3663,15.98,0.18365821
347.9783,-0.1856,15.98,0.9943508
8.0408,1.1435,15.98,0.9795242
22.0004,-0.9686,15.98,0.1292193999999999
13.5637,1.0778,15.98,0.99435246
52.7847,0.2281,15.98,0.9917604
13.0956,0.6674,15.98,0.15905939
359.8528,0.8541,15.98,0.9942931
30.2897,0.7916,15.98,0.99436706
13.2382,0.3882,15.98,0.9943672
0.0197,0.7817,15.99,0.9942853
37.7596,-0.6092,15.99,0.98133427
357.5432,-1.0168,15.99,0.9943652
12.9665,-0.2904,15.99,0.9943658
338.3632,0.7387,15.99,0.9943672
31.354,-0.5555,15.99,0.6896644000000001
18.2168,0.1794,15.99,0.9943505
40.4495,1.2021,15.99,0.19582959
1.0299,-0.2622,15.99,0.6091966999999999
324.2707,0.479,15.99,0.9278943
331.4256,-0.5613,15.99,0.98730356
19.6135,0.2855,15.99,0.9943667
53.5785,1.017,15.99,0.80169135
344.8814,1.2226,16.0,0.9931404
20.3347,-0.6143,16.0,0.19661061
50.2171,-1.0632,16.0,0.8330496999999999
2.389,-1.0858,16.0,0.9910557
20.4521,0.9432,16.0,0.84359723
350.1087,0.999,16.0,0.9943579
354.9898,0.135,16.0,0.99415576
316.9748,0.8759,16.0,0.99435
47.8192,1.1901,16.0,0.99436533
327.265,1.193,16.0,0.047872953
12.9474,0.9898,16.0,0.0019200426
39.7104,-0.0307,16.0,0.4298649000000001
21.3714,-0.0573,16.0,0.97358537
26.798,-0.6089,16.0,0.9943598
348.4473,-0.1359,16.0,0.9897168
36.4879,1.1867,16.0,0.9913272
316.0664,-0.3189,16.0,0.99436605
7.4461,0.1612,16.0,0.9943638
2.4216,-0.5313,16.0,0.9943672
18.6666,0.4688,16.0,0.9943462
337.9951,1.1841,16.0,0.002141503
337.5551,0.2285,16.01,0.9943305
39.5457,0.1778,16.01,0.9943673
352.7805,-0.6459999999999999,16.01,0.9943672
340.0007,-0.8291,16.01,0.96304286
56.2841,-0.9471,16.01,0.0040873066
6.2983,0.9628,16.02,0.99389124
347.81300000000016,0.526,16.02,0.9702398
2.2612,-0.794,16.02,0.93564534
327.7445,-0.8135,16.02,0.90200794
25.8188,0.9732,16.02,0.004852736
0.4175,1.092,16.02,0.3644402
41.8404,-0.4624,16.02,0.9943651
0.6652,0.9428,16.02,0.99436593
345.8806,0.9893,16.02,0.99404013
336.0158,0.3136,16.02,0.98056823
355.9463,0.7059,16.03,0.011683376
4.7379,-0.9712,16.03,0.035281554
26.4302,0.8787,16.03,0.4504153
46.8291,-0.7505,16.03,0.9939786
331.7334,1.2249,16.03,0.85543627
51.6019,0.7413,16.03,0.9943634
346.8666,-0.1285,16.03,0.9943604
38.544,-0.0018,16.03,0.83037734
12.7476,-0.2482,16.03,0.00276017
14.7671,1.0012,16.03,0.9925373
50.7016,-0.6202,16.03,0.9943587
315.0167,0.1984,16.03,0.015083101
348.0851,0.5873,16.03,0.07187698
354.4654,-0.4745,16.03,0.99423754
13.3024,-0.8,16.04,0.0019273637
13.609000000000002,-0.9282,16.04,0.99436617
33.1966,0.5759,16.04,0.99417084
14.1992,0.71,16.04,0.99436617
357.2725,0.3811,16.04,0.989317
325.3148,-0.2632,16.04,0.9941849
340.6985,-0.3218,16.04,0.9943673
334.7611,-0.7883,16.04,0.24538913
15.6807,0.7203,16.04,0.028283203
18.4882,0.3715,16.04,0.97699976
5.4054,-0.4744,16.04,0.99436706
30.6792,0.2257,16.04,0.023513092
56.2523,0.1022,16.05,0.53642094
342.9563,-0.8303,16.05,0.99205023
28.0577,1.2165,16.05,0.0019455318
17.0502,0.0706,16.05,0.34956455
7.3222,-0.0042,16.05,0.0023962338
357.9475,0.9728,16.05,0.0028713767
32.1129,0.5238,16.05,0.99435174
22.823,0.5055,16.05,0.088881955
55.7188,0.7534,16.06,0.99430037
53.5255,1.0944,16.06,0.9943673
21.7774,-1.1223,16.06,0.005702218
355.2664,1.0241,16.06,0.9940996
26.6449,-0.7026,16.06,0.04731793
18.542,0.2018,16.06,0.99325013
27.0586,-1.1692,16.06,0.0021289436
317.4465,0.2661,16.06,0.98526347
17.3651,-0.5801,16.06,0.9938882
7.5703,-0.4356,16.06,0.051743116
51.5399,-0.5717,16.06,0.92353207
29.9404,-0.5583,16.07,0.9940281
52.004,-0.6826,16.07,0.99436104
343.8395,-0.9476,16.07,0.0051842798
338.2219,-0.9066,16.07,0.22789323
8.5353,-0.2462,16.07,0.9934542
20.9482,0.2651,16.07,0.0021721208
24.3093,-0.6332,16.07,0.994365
19.5081,0.3144,16.07,0.9943673
24.6647,-0.0569,16.07,0.9617248
349.6415,0.8416,16.07,0.9943508
357.4328,1.2052,16.07,0.9909881
35.9916,1.2277,16.07,0.99416924
13.7968,-0.8101,16.07,0.25900093
22.2355,0.6332,16.07,0.9942678
21.1341,-1.1988,16.08,0.9936885
13.3388,1.2462,16.08,0.0018684381
333.0851,-0.9427,16.08,0.020582052
27.059,1.1297,16.08,0.0054216855
315.2237,-0.3875,16.08,0.32617497
325.8586,-1.185,16.08,0.98397094
32.9995,1.2181,16.08,0.99436647
323.5292,0.3689,16.08,0.9932954
0.515,0.6319,16.08,0.0018704338
33.9987,-0.0725,16.08,0.9939711
325.9012,-0.4784,16.08,0.0024435194
41.3274,-1.1983,16.09,0.9942404
310.8945,0.9678,16.09,0.036909472
1.8613,-0.706,16.09,0.9886796
48.4763,-0.802,16.09,0.78241235
7.2836,0.2795,16.09,0.9943440999999998
356.537,1.0304,16.09,0.011817596
28.3382,0.6404,16.09,0.0054347264
338.7276,-1.1796,16.09,0.7914825
40.5266,-0.6579999999999999,16.09,0.93189317
331.2802,-0.6664,16.1,0.0026403088
344.1345,0.3597,16.1,0.9931157
13.9403,0.7084,16.1,0.9700646
333.2274,0.9142,16.1,0.97656107
1.811,-0.6419,16.1,0.20440333
40.1829,0.5271,16.1,0.99436307
14.2704,-0.9191,16.1,0.17275183
353.1740000000001,0.2256,16.1,0.99435186
25.195,0.4783,16.1,0.6292309
41.521,-0.6509,16.1,0.039462563
11.4597,0.5401,16.1,0.985005
5.0929,-0.0499,16.11,0.0031436982
353.6234,-0.6896,16.11,0.99430543
24.8766,0.7827,16.11,0.30801404
9.4411,1.0942,16.11,0.9941314
338.9548,0.5392,16.11,0.9943668
1.1685,0.5841,16.11,0.002851445
330.3997,-0.843,16.11,0.99149173
6.0491,-0.705,16.11,0.27496248
10.695,0.3005,16.11,0.3772324
1.4742,0.4537,16.11,0.98800826
328.8507,-0.3378,16.11,0.03350267
342.4536,0.9619,16.11,0.0036096468
326.5171,-0.4712,16.11,0.9943046
354.9115,-0.0558,16.11,0.04992583
32.3702,-0.2069,16.12,0.0061127757999999
2.7041,-0.7326,16.12,0.08414168
40.7664,-0.3679,16.12,0.0020404914
314.5752,-0.3388,16.12,0.99435496
46.313,0.9845,16.12,0.9943673
28.0947,-0.3895,16.12,0.9943673
2.4011,-0.4661,16.12,0.99425715
314.8204,0.2899,16.12,0.33306426
329.2019,0.6863,16.12,0.013355073
345.4543,0.5920000000000001,16.12,0.0018701081
41.8381,-0.7482,16.13,0.99433315
42.2537,-0.8813,16.13,0.99034333
331.1692,0.174,16.13,0.008672411
38.6189,-1.1012,16.13,0.9943619
28.1506,0.6717,16.13,0.0018992713
8.9458,1.1349,16.13,0.9943673
26.788,-0.0371,16.13,0.60358375
27.5329,0.2204,16.13,0.049853206
15.8848,-0.3138,16.13,0.83238536
16.373,0.5096,16.13,0.9943672
7.7174,0.5289,16.13,0.99431545
13.8456,-1.2112,16.13,0.9943393
47.9149,0.7817,16.13,0.99069184
11.6417,0.0565,16.13,0.008361114
1.0576,1.0011,16.14,0.98640984
331.2126,0.3142,16.14,0.0024497162
18.9363,0.3324,16.14,0.9943672
20.1101,0.6975,16.14,0.0018164493
41.71100000000001,-0.8994,16.14,0.99435
12.4909,0.5698,16.14,0.0021606116
4.7517,-1.057,16.14,0.9819484
16.3395,-0.8381,16.14,0.99436545
314.4857,1.0758,16.14,0.9943663
315.2648,-0.0755,16.14,0.99362844
5.572,-0.9688,16.14,0.87408555
346.5734,1.0067,16.14,0.0019320492
30.7516,-0.2516,16.14,0.99433774
3.3776,0.6785,16.15,0.99432725
18.785,0.3036,16.15,0.9942526
2.0301,-0.7797,16.15,0.99436706
13.6938,0.4272,16.15,0.9943591
354.3085,0.4061,16.15,0.86884654
327.7665,-0.5821,16.15,0.05997394
39.4465,0.4051,16.15,0.9936494
14.1856,-0.8748,16.15,0.07564633
325.4537,-1.0382,16.15,0.026156936
34.3211,-0.4219,16.15,0.9943593
5.9159,-0.8153,16.15,0.98067147
14.0436,-1.1401,16.15,0.97145295
350.6896,0.6705,16.15,0.0020844622
8.0922,1.2016,16.15,0.9940565999999998
18.6344,0.5321,16.16,0.97948164
318.6714,-0.411,16.16,0.99370956
27.151,0.3162,16.16,0.33240718
18.8155,0.0881,16.16,0.99367976
322.1152,0.1821,16.16,0.009056214
50.8485,-1.2024,16.16,0.0035916632
29.9623,0.9381,16.16,0.99417466
346.451,-0.3149,16.16,0.16749893
30.6707,0.3794,16.16,0.99436307
1.8662,0.7853,16.17,0.9911431
338.5575,0.6082,16.17,0.0045775957
41.0966,-0.1785,16.17,0.0019194729
353.2675,0.053,16.17,0.9943012
11.6609,1.1527,16.17,0.0020129557
343.4014,0.0632,16.17,0.37350848
38.1724,1.1522,16.17,0.994364
340.4193,-0.8285,16.17,0.022606041
5.5666,-0.7569,16.17,0.994362
353.2472,0.722,16.17,0.99436545
6.6398,-0.6967,16.17,0.5819683000000001
324.5881,-0.6868,16.17,0.014083515
26.3649,-0.7422,16.17,0.9941379
22.5886,-0.9625,16.18,0.99436706
351.1183,-0.8096,16.18,0.039928246
15.0382,-0.017,16.18,0.9943634
15.5565,-0.4373,16.18,0.99436694
32.5876,-0.8955,16.18,0.14149794
18.9639,0.1469,16.18,0.99436545
14.0226,-0.455,16.18,0.67513424
359.3732,1.2396,16.18,0.8890264999999999
340.0803,-0.4937,16.18,0.0116794
326.6819,0.6717,16.18,0.0023640278
17.0312,0.8234,16.18,0.99396646
17.1586,-0.5018,16.18,0.49799898
52.6054,0.2738,16.19,0.99295205
8.8865,-0.1791,16.19,0.99354583
