id,ra,dec,sp_mag_u,sp_mag_g,sp_mag_r,sp_mag_i,sp_mag_z,sp_mag_F378,sp_mag_F395,sp_mag_F410,sp_mag_F430,sp_mag_F515,sp_mag_F660,sp_mag_F861,sp_mag_err_u,sp_mag_err_g,sp_mag_err_r,sp_mag_err_i,sp_mag_err_z,sp_mag_err_F378,sp_mag_err_F395,sp_mag_err_F410,sp_mag_err_F430,sp_mag_err_F515,sp_mag_err_F660,sp_mag_err_F861,sp_A,sp_B,sp_PA,sp_radius_petro,sp_radius_50,sp_radius_90,sp_photoz,sp_photoz_odds,ls_mag_g,ls_mag_r,ls_mag_i,ls_mag_z,ls_type,lit_redshift,lit_redshift_err,lit_source,lit_velocity,lit_velocity_err,velocity_offset,dist_proj,dist
1,159.34511,-27.545753,17.967104,17.181974,16.85227,16.717192,16.633375,17.583336,17.573343,17.448545,17.321053,17.020372,16.57883,16.737356,0.031802677,0.009631378,0.008550592,0.009356108,0.017297974,0.034022886,0.054841157,0.04324284,0.0387905,0.024882575,0.008479683,0.021286234,0.0018272866,0.00089346326,65.52538,5.2799997,8.387295,15.587594,0.010000001,0.9985459,17.04841,16.72381,16.616333,16.518185,EXP,0.009136,3.3e-05,NED_2003MNRAS.339..652K,2738.904,9.893151,-1035.885,0.134527,0.126487
2,159.3038,-27.68394,14.765206,13.643005,13.036712,12.701796,12.442259,14.458825,14.341291,14.066372,13.900739,13.513465,12.767609,12.584528,0.009342876,0.002050921,0.0014741726,0.0013663976,0.002161216,0.010706768,0.015626013,0.0107668135,0.0093028005,0.0055390717,0.0014313384,0.0026862046,0.00373972,0.003529643,-72.34665,3.9599998,23.771355,65.246086,0.006489796,0.99758136,18.157133,18.074883,18.094627,17.8084,PSF,0.009537,2e-05,NED_2003MNRAS.339..652K,2859.121,5.995849,-917.169,0.191402,0.179962
3,159.63845759274415,-27.73729976787364,,,,,,,,,,,,,,,,,,,,,,,,,,,,,,,,,13.857598,13.342611,13.151053,12.941268,SER,0.014724,1.2e-05,NED_2005ApJS..160..149S,4414.144,3.597509,618.452,0.449321,0.422466
4,159.22147,-27.05292,16.66191,15.291826,14.800032,14.556311,14.4317665,16.05301,16.284447,15.703659,15.4557295,15.09923,14.569005,14.436387,0.073313445,0.014078842,0.008304038,0.009289496,0.015659098,0.061029408,0.11359349,0.067318894,0.049307685,0.030975316,0.010112931,0.02292117,0.0023130833,0.0015932873,64.72628,5.9399996,17.124071,34.967854,0.017836737,0.9701604,,,,,,0.011785,2.7e-05,NED_1989ESOLV.C...0000L,3533.054,8.094396,-251.644,0.465343,0.437531
5,159.33278,-28.238796,16.872242,15.938269,15.559775,15.433417,15.303068,16.545462,16.474836,16.248451,16.047426,15.820379,15.266818,15.315848,0.028358875,0.007266784,0.0061482745,0.006909207,0.012555466,0.032119382,0.048677593,0.03514817,0.029182157,0.020352611,0.005962699,0.014370109,0.0018806242,0.0013312849,26.500196,5.2799997,11.827467,26.766388,0.00967347,0.9980469,15.783448,15.379395,15.161234,15.086785,SER,0.011531,0.0001,NED_1989A&AS...77..237R,3456.907,29.979246,-326.841,0.731073,0.687379
6,158.84703005545876,-28.31366956420609,15.025317,13.694631,12.994483,12.632009,12.385935,14.722153,14.443649,14.213263,14.093518,13.475872,12.797026,12.495764,0.012164326,0.002246336,0.0014456885,0.001333654,0.002134012,0.014258216,0.01785819,0.012971597,0.011636889,0.005708606,0.0015351842,0.0026658096,0.0045026294,0.0027871225,-46.959534,5.2799997,27.35396,61.087627,0.012408163,0.9982378,,,,,,0.011021,1.7e-05,NED_1989ESOLV.C...0000L,3304.013,5.096472,-477.828,0.854604,0.803526
7,159.91219,-28.09667,17.964458,16.986513,16.483862,16.32463,16.378359,17.484787,17.108267,16.979647,17.218897,16.842882,16.342136,16.208422,0.081688195,0.01960444,0.014745945,0.016228216,0.035623748,0.079594806,0.092960365,0.071774,0.08995473,0.05434464,0.016180433,0.033789128,0.0015324991,0.0010245813,-53.018917,5.9399996,11.566631,26.572443,0.012591837,0.9900058,16.940033,16.50039,16.32564,16.201963,SER,0.011491,0.000267,NED_2003ApJ...591..764C,3444.915,80.044586,-338.683,0.858923,0.807587
8,158.20314052797025,-27.52209589272312,15.492356,14.315046,13.658076,13.365493,13.178595,15.414747,15.24991,14.890256,14.715113,14.189887,13.461927,13.227436,0.031294744,0.0067204777,0.0043273824,0.00488067,0.0072203893,0.044646434,0.062091324,0.04109954,0.032774094,0.018237466,0.0053899325,0.010097699,0.0040303245,0.0028871365,-85.52799,5.2799997,30.645777,55.73693,0.021836735,0.94700867,14.243892,13.576767,13.263442,13.04156,SER,0.014343,3.3e-05,NED_2003MNRAS.339..652K,4299.923,9.893151,505.657,0.881023,0.828367
9,159.56111459515,-28.340807042073006,18.528566,17.354555,16.92349,16.666258,16.650005,18.000359,18.206396,17.35364,17.964964,16.981054,16.784416,16.67466,0.13499235,0.027415544,0.022118835,0.02240063,0.045731384,0.12626193,0.24910721,0.1012137,0.17715704,0.06161856,0.024581399,0.05254352,0.0015306581,0.0011241663,-63.991684,6.5999994,10.028616,26.166132,0.008489796,0.9951069,17.595604,17.129137,16.958504,16.844055,SER,,,,,,,0.8837785798184798,
10,160.41435,-27.777077,17.15967,16.320066,15.968038,15.874719,15.795841,16.64976,16.579527,16.44728,16.534029,16.024965,15.584744,15.856771,0.033534124,0.010528358,0.008020159,0.010482512,0.018116035,0.030636577,0.042925112,0.03579636,0.03721907,0.019232575,0.0068572573,0.023433799,0.0016114562,0.0007944354,-38.50774,5.2799997,8.845594,20.26922,0.0115102045,0.99955606,,,,,,0.013676,0.001134,NED_1998A&AS..132...55B,4099.962,99.99,308.19,1.110557,1.044182
11,158.66148,-28.583332,15.65779,14.629757,14.098294,13.917976,13.7020645,15.143272,15.165926,14.964814,14.861991,14.312563,13.4466505,13.791492,0.007068325,0.0020438088,0.0015274873,0.0015908222,0.002448697,0.007151659,0.011735637,0.008810967,0.008101323,0.004447865,0.0011897896,0.003052346,0.0015357978,0.0011126832,72.920616,3.3,6.070086,18.50212,0.014,0.9974492,14.591415,14.052799,13.788307,13.64666,SER,0.010641,5e-05,NED_1989ESOLV.C...0000L,3190.092,14.989623,-590.327,1.166543,1.096822
12,159.57448,-28.885937,15.817131,14.771938,14.260433,14.023048,13.823271,15.585342,15.310295,15.044428,14.961984,14.62992,13.998991,13.907475,0.017587114,0.003921733,0.0036488704,0.0032518553,0.005228098,0.01893661,0.023785459,0.020812588,0.014426067,0.00914859,0.002573646,0.006590932,0.0042059827,0.0013856553,-75.0144,5.9399996,21.090824,52.958134,0.013510205,0.9989216,14.737261,14.105705,13.817857,13.576286,SER,0.01464,1.9e-05,NED_2005ApJS..160..149S,4388.962,5.696057,593.584,1.408606,1.324418
13,160.42633,-28.779789,15.716131,14.217693,13.45027,13.0728655,12.818512,15.274694,15.396801,14.869413,14.716799,14.034361,13.279922,12.912385,0.018771077,0.0026256163,0.002018946,0.0015146597,0.0022696715,0.016457023,0.029900935,0.019531948,0.012594877,0.0058503263,0.0015276426,0.0029007066,0.0027587921,0.0025178036,87.766556,5.9399996,13.771598,42.09662,0.014918368,0.9959315,14.144557,13.347464,12.970154,12.723972,SER,0.01465,1.3e-05,NED_2003MNRAS.339..652K,4391.96,3.897302,596.544,1.667902,1.568216
14,160.79816,-26.24991,14.45194,13.46072,12.959143,12.653342,12.409871,14.233923,14.607032,13.952743,13.860606,13.356839,12.827347,12.491921,0.027382415,0.007843521,0.0045251832,0.0038154079,0.004872691,0.031059101,0.064703874,0.0348995,0.029010033,0.015417644,0.005061979,0.0075796223,0.009810259,0.003255304,26.114399,5.2799997,32.881798,122.61693,0.017918369,0.990616,14.081501,13.211352,12.763712,12.474936,SER,0.0151,1.7e-05,NED_2003MNRAS.339..652K,4526.866,5.096472,729.768,1.903811,1.790025
15,157.39465,-26.327326,16.78746,15.753128,15.282859,15.102225,14.932448,16.36002,16.32454,16.026423,15.97754,15.612038,15.0922575,15.028013,0.04931377,0.0147748,0.009074477,0.008674351,0.011145425,0.04713135,0.06778969,0.050884113,0.04419496,0.027121559,0.008589637,0.016107677,0.0016281173,0.0009741696,10.093844,5.2799997,10.31015,23.418966,0.013510205,0.99816114,15.754183,15.261855,15.010068,14.884808,SER,0.013062,0.00015,NED_20096dF...C...0000J,3915.889,44.968869,126.414,1.99284,1.873733
16,160.00017,-29.413147,17.027918,15.961428,15.613607,15.454951,15.277683,16.646852,16.442627,16.367344,16.156513,15.821399,15.37443,15.337404,0.04822087,0.010071609,0.0106969215,0.010277033,0.017308114,0.044978708,0.059806995,0.062436108,0.03805626,0.024244081,0.007779698,0.021269478,0.002732917,0.0014170556,30.47297,5.9399996,18.175177,41.37238,0.0127551025,0.99709815,15.646369,15.212813,14.982028,14.887062,SER,0.012679,6.7e-05,NED_2003MNRAS.339..652K,3801.069,20.086095,13.026,2.024906,1.903883
17,159.092388910305,-25.37626451442822,15.153426,14.206671,13.725046,13.545391,13.336127,14.733848,14.756062,14.515155,14.375962,14.087262,13.451439,13.418912,0.07430354,0.0071079154,0.004445397,0.0047374004,0.006002963,0.015927766,0.023715021,0.020681106,0.018120198,0.012893919,0.0042350288,0.00833684,0.002516713,0.002028682,22.61932,5.2799997,18.710258,40.416374,0.014,0.999117,15.742229,15.225006,14.940849,14.776213,SER,0.013389,3.7e-05,NED_2003A&A...412...57P,4013.921,11.092321,223.223,2.143261,2.015164
18,159.8418563744027,-29.58495021401401,15.69853,14.698649,14.247379,14.054187,13.925552,15.311428,15.16628,15.02947,14.875532,14.515162,14.02563,13.958714,0.015001314,0.0034927162,0.003388513,0.0031180587,0.0054628295,0.014011846,0.019751016,0.019509027,0.012511341,0.007931887,0.0025171903,0.006593131,0.0033132893,0.0024006283,-24.523722,5.9399996,23.57602,49.97816,0.012244898,0.99835044,14.361674,13.828074,13.560249,13.414514,SER,0.012949,2.3e-05,NED_2003MNRAS.339..652K,3882.013,6.895227,92.96,2.144902,2.016707
19,160.99620921751392,-29.551092521500017,17.656836,16.71635,16.233824,16.032022,15.842525,17.48631,17.564348,17.504625,16.958794,16.525614,15.978476,15.983941,0.06478044,0.015591608,0.011518983,0.0153037505,0.025587339,0.08145239,0.13327608,0.11358746,0.061239295,0.036340546,0.0117817875,0.035618514,0.0015872936,0.0015098933,51.226288,5.9399996,14.659242,30.1662,0.01567347,0.9952259,16.457884,15.933071,15.690836,15.578816,SER,0.01119,,VizieR_VII/259/spectra,,,,2.5754897036430746,
20,160.86182,-25.316536,17.016031,16.467918,16.001076,15.712778,15.683612,16.942791,17.117107,17.008818,16.918394,16.128832,15.84478,15.562935,0.06237738,0.023112008,0.016357755,0.019005872,0.03582611,0.08166693,0.1469347,0.12341775,0.10656366,0.041749947,0.016254168,0.035729825,0.0018568746,0.0013288792,-60.424217,7.2599993,18.206707,44.859646,0.012408163,0.97765005,,,,,,0.012715,0.000183,NED_20096dF...C...0000J,3811.861,54.86202,23.684,2.650655,2.492232
21,160.691550599667,-29.88565928644772,17.799505,16.760582,16.347311,16.119265,16.060003,17.200476,17.493979,16.729248,17.065174,16.569456,16.21902,16.15951,0.0628086,0.01444548,0.011292733,0.014906059,0.02763081,0.055481162,0.111383684,0.04938111,0.05982325,0.033639997,0.013006718,0.037380688,0.0012791274,0.00081840175,8.318866,5.9399996,9.498689,20.29292,0.014163266,0.995691,,,,,,0.33577,,VizieR_VII/259/spectra,,,,2.7065875611174595,
22,159.99347,-30.193048,14.897527,13.506597,12.77962,12.410433,12.141823,14.576318,14.454866,14.048361,13.90081,13.294256,12.563911,12.253971,0.04415922,0.0017044585,0.0011262553,0.0011070557,0.0015382938,0.026011454,0.008691946,0.005618008,0.0045362124,0.003125473,0.001128313,0.0022318198,0.003064951,0.0021929694,72.46978,3.3,11.585661,42.138298,0.010489796,0.99741566,,,,,,0.014563,4e-05,NED_1998A&AS..130..333T,4365.878,11.991698,570.788,2.76704,2.601661
23,158.847148,-24.753915,16.30322,15.577461,14.886967,14.762707,14.563567,16.539055,15.648592,15.108162,15.171996,15.596311,14.960783,15.258623,0.50941783,0.045718398,0.023838961,0.026989117,0.034320276,0.30350477,0.099785246,0.06450678,0.06891522,0.09299782,0.031151848,0.083596684,0.0044307057,0.0018303156,-78.961235,6.5999994,17.696264,26.950226,0.0075102043,0.9971757,14.044973,13.593586,13.367852,13.280864,SER,,,,,,,2.781535405727658,
24,158.8342287315211,-24.729593368498623,17.078495,18.293205,17.531826,17.372377,17.723038,17.263577,17.896116,17.979408,17.864056,17.351536,16.71276,17.198557,0.16918693,0.1724426,0.084350236,0.09267723,0.19460313,0.093470804,0.2446489,0.28208604,0.25497827,0.14452817,0.048373275,0.15424928,0.0008462459,0.0005280732,58.984764,10.56,7.0793924,12.782342,0.0075102043,0.99618846,17.633038,17.51108,17.39283,17.621763,SER,,,,,,,2.807080200738537,
25,159.812061,-30.2976682,,,,,,,,,,,,,,,,,,,,,,,,,,,,,,,,,,,,,,0.012529,1.3e-05,NED_1998A&AS..130..333T,3756.1,3.897302,-31.381,2.833191,2.663858
26,160.0186286102143,-30.26755016981888,15.000951,14.036669,13.506605,13.254517,13.047586,14.6667,14.492545,14.375782,14.278023,13.860979,13.201963,13.148761,0.22136246,0.0029129295,0.0022470672,0.0025327473,0.003942655,0.012989964,0.0104235085,0.00866054,0.0072662337,0.0056348615,0.002045394,0.005690415,0.0035316816,0.0018111685,83.39745,5.2799997,21.534885,46.65518,0.010755102,0.99853253,14.101384,13.506686,13.237965,13.000348,SER,0.011335,3e-05,NED_1998A&AS..130..333T,3398.148,8.993774,-384.867,2.84437,2.67437
27,158.2102902024167,-30.26662572817713,15.708063,14.640726,14.129429,13.958903,13.781609,15.227964,15.123465,14.957931,14.88702,14.421852,13.972499,13.845003,0.03457465,0.0070239226,0.00506105,0.007325709,0.012531493,0.033236466,0.04934576,0.036802877,0.03133638,0.016879512,0.005424259,0.013450969,0.0036199335,0.0026767817,5.0589013,5.9399996,28.97199,56.83261,0.017836737,0.85503113,14.620372,14.025726,13.772309,13.579073,SER,0.011628,2e-05,NED_1998A&AS..130..333T,3485.987,5.995849,-298.124,2.88498,2.712553
28,160.79025,-30.05009,16.157454,14.9547,14.493894,14.264195,14.125242,15.542693,15.873458,15.340239,14.57066,14.699584,14.198292,14.146433,0.036751345,0.0073246914,0.0054725944,0.0072417604,0.012457065,0.032091357,0.06735034,0.036831133,0.016229702,0.01648915,0.0054253596,0.015738696,0.002882599,0.0025147758,-46.229557,7.2599993,25.975014,76.92059,0.011836735,0.9988221,14.52954,13.981676,13.742545,13.572455,SER,0.010683,2.7e-05,NED_2006HIPAS.C...0000:,3202.683,8.094396,-577.893,2.899996,2.726671
29,160.205009,-24.6676042,,,,,,,,,,,,,,,,,,,,,,,,,,,,,,,,,,,,,,,,,,,,3.003037925611636,
30,162.27325,-29.37515,15.980364,15.172564,14.839659,14.746229,14.66363,15.559466,15.453214,15.343645,15.302376,14.985078,14.504132,14.70897,0.009200976,0.0030042771,0.0026984264,0.0038502684,0.006727621,0.009291609,0.0141651295,0.011469944,0.009809844,0.006131102,0.0023480502,0.007847232,0.0021240825,0.001788946,-60.526802,5.2799997,14.620227,34.788845,0.011081632,0.99783105,15.15549,14.792003,14.583055,14.52489,SER,0.014357,0.00015,NED_20096dF...C...0000J,4304.12,44.968869,509.801,3.300667,3.103395
31,156.65514,-24.853468,17.444977,16.321617,15.853893,15.614114,15.484643,17.138487,16.7454,16.63855,16.49218,16.170238,15.686058,15.518366,0.30379683,0.012862836,0.008974899,0.009725216,0.015272654,0.09676821,0.06523785,0.053084448,0.043712772,0.027055036,0.009183509,0.01884455,0.0021521756,0.0017715526,-74.14581,5.9399996,17.33427,34.581516,0.020081634,0.9582211,16.139116,15.564727,15.32282,15.211269,REX,0.013746,0.000183,NED_20096dF...C...0000J,4120.947,54.86202,328.914,3.489871,3.281291
32,161.62591578833866,-30.32152432673709,15.438216,16.947289,17.200626,17.17197,16.597466,16.946959,16.380386,16.562805,16.21085,16.340929,16.307104,16.290688,0.1996731,0.07471312,0.12040287,0.17457312,0.19666724,0.24858917,0.14444852,0.15739436,0.1037074,0.09721696,0.059617523,0.17697807,0.005022943,0.0012592234,10.827643,10.56,13.717246,29.857618,0.011326531,0.9947692,17.619045,17.293806,17.146315,17.060743,SER,,,,,,,3.5185541163626044,
33,160.87890676556077,-30.77187070488552,,,,,,,,,,,,,,,,,,,,,,,,,,,,,,,,,,,,,,0.012559,2.3e-05,NED_2003A&A...412...57P,3765.093,6.895227,-22.5,3.579917,3.365955
34,160.62225,-30.88544,,,,,,,,,,,,,,,,,,,,,,,,,,,,,,,,,,,,,,0.008332,3.3e-05,NED_1996ApJS..107...97M,2497.871,9.893151,-1273.911,3.596807,3.381836
35,160.88770564916615,-30.806901281357,15.790287,14.944378,14.484816,14.323004,14.143805,15.366456,15.368781,15.180124,15.122971,14.7328005,14.036813,14.255512,0.020778058,0.0051830728,0.0042583533,0.0051485174,0.008460574,0.01820761,0.01809069,0.014203918,0.012273218,0.009935062,0.003396327,0.012385293,0.0035303358,0.0009177656,12.269754,4.62,14.115799,33.562283,0.013244898,0.99777824,15.015295,14.49969,14.297984,14.057717,SER,0.012625401,,VizieR_J/MNRAS/416/2840/catalog,,,,3.6052389246048855,
36,157.4046,-24.112543,15.43347,14.412798,13.843746,13.637347,13.377123,15.058923,14.7006035,14.554739,14.361572,14.162264,13.647695,13.466711,0.17446083,0.012446996,0.007867687,0.008791933,0.014388287,0.19542576,0.17056803,0.1789676,0.06394911,0.02040791,0.008103618,0.022713961,0.004586024,0.0024017948,-63.82215,9.24,38.697975,92.0603,0.011918368,0.99538535,14.221997,13.625192,13.333068,13.159836,SER,0.012689,7e-06,NED_2005ApJS..160..149S,3804.066,2.098547,15.987,3.75787,3.533272
37,160.03734,-23.82045,14.885601,13.727742,13.1464615,12.889725,12.687637,14.066683,14.33326,14.069418,13.942111,13.580534,12.828192,12.783588,0.015180948,0.0034671843,0.0023677961,0.0029234283,0.004636633,0.009293873,0.017200736,0.013392378,0.011060848,0.006779405,0.0021062861,0.005740622,0.0030833543,0.0026059288,57.315548,5.2799997,20.585348,48.940945,0.018836737,0.99938923,13.759912,13.132706,12.819947,12.626118,SER,0.012115048,2.3e-05,NED_2017A&A...599A.104T,3631.986,6.895227,-153.947,3.771705,3.546281
38,161.3945916001028,-24.28349463191734,16.313461,15.604915,15.226274,15.122458,15.005638,15.786372,15.719001,15.671303,15.579292,15.142506,14.793076,15.061628,0.035648126,0.016768144,0.0046302984,0.005783465,0.009444273,0.029732537,0.03816012,0.041693024,0.036653187,0.022167549,0.0039186478,0.01226725,0.0022765333,0.001001609,85.184875,5.2799997,13.239351,29.663979,0.012408163,0.99862176,,,,,,0.012375,0.00015,NED_20096dF...C...0000J,3709.932,44.968869,-76.973,3.776291,3.550592
39,157.42376503608534,-30.976519707061385,17.18522,16.532299,16.024754,15.890269,15.973243,16.59631,16.740519,16.979694,16.817808,16.379288,15.869792,16.17231,0.07219854,0.021914216,0.017150236,0.020597938,0.039693058,0.052601904,0.08376871,0.09783679,0.075123824,0.042459473,0.01674703,0.07295067,0.0019228952,0.0014370126,27.363022,6.5999994,14.245906,28.600197,0.011326531,0.9974432,16.279276,15.727584,15.502694,15.328485,SER,,,,,,,3.7887664571502366,
40,161.82996,-24.43817,14.462873,13.312864,12.726842,12.453233,12.23394,14.11709,13.871963,13.682854,13.519594,13.136513,12.473115,12.330193,0.013720316,0.0046182484,0.001140427,0.0012010457,0.0017226983,0.013664171,0.015421077,0.014756141,0.012216705,0.0077733397,0.0011300008,0.0023412874,0.0036557377,0.0031172305,67.049545,4.62,24.424036,53.275608,0.012163266,0.9999054,,,,,,0.012172,3e-05,NED_2003MNRAS.339..652K,3649.074,8.993774,-137.072,3.864903,3.633908
41,157.1789,-31.038137,15.65667,14.476283,13.873037,13.610936,13.3912525,15.271183,15.204385,14.853398,14.758294,14.303658,13.495158,13.485237,0.0140960235,0.0030273322,0.002119711,0.0021948603,0.0031181804,0.013069911,0.017214296,0.011876138,0.009842696,0.0056816777,0.001780833,0.005198009,0.0023391903,0.001658623,-13.834371,4.62,11.967505,28.73368,0.012163266,0.99517834,14.430992,13.69712,13.439398,13.159135,SER,0.01404972,4.7e-05,NED_2017A&A...599A.104T,4212.084,14.090246,418.913,3.949138,3.713108
42,156.73448,-24.089212,15.072057,13.845709,13.199953,12.897786,12.650937,14.694195,14.636835,14.208234,14.198492,13.612495,12.913356,12.75427,0.014109067,0.0031439613,0.0018967853,0.0019253668,0.0030508353,0.013241691,0.016298678,0.011392096,0.010216373,0.0053131464,0.0018571338,0.004855479,0.0023300874,0.0020182468,-38.023396,5.2799997,12.211813,36.30771,0.011326531,0.99664843,13.68076,13.000827,12.665291,12.451131,SER,0.011928,3.7e-05,NED_2003A&A...412...57P,3575.924,11.092321,-209.309,4.0649,3.821952
43,163.38896,-29.393923,15.594589,14.093828,13.318813,12.935507,12.665731,15.141487,15.114631,14.664915,14.580374,13.869578,13.121619,12.789062,0.009718643,0.0017202717,0.0010633379,0.00111792,0.0016482659,0.009274727,0.015041818,0.009185016,0.0076238927,0.0034691396,0.0010479947,0.0020958555,0.005056915,0.0023014562,-3.6084342,3.9599998,20.092665,53.918102,0.0063265306,0.9977437,14.210052,13.349488,12.937593,12.668976,SER,0.011428,3.3e-05,NED_2005ApJS..160..149S,3426.028,9.893151,-357.335,4.164506,3.915605
44,163.80571,-26.140797,14.91488,13.551119,12.851943,12.498031,12.236911,14.597987,14.459221,14.065353,13.948217,13.372526,12.662678,12.346686,0.012979497,0.002196882,0.001343814,0.0013846006,0.0019881134,0.014827537,0.021422626,0.012902889,0.010458615,0.005289155,0.0014406943,0.002784419,0.004283359,0.0021426934,16.680529,4.62,21.021563,53.219868,0.017,0.99851274,,,,,,0.013176,3.3e-05,NED_1996ApJS..107...97M,3950.065,9.893151,160.164,4.313234,4.055443
45,157.2054,-31.4992,,,,,,,,,,,,,,,,,,,,,,,,,,,,,,,,,,,,,,,,,,,,4.328025863416866,
46,157.22566,-31.68253,16.255583,15.333219,14.861646,14.634541,14.523714,16.115837,15.699757,15.360315,15.431015,15.035731,14.656635,14.529311,0.08277154,0.017165614,0.009735072,0.009017119,0.01254452,0.060565177,0.056553975,0.04391379,0.044301234,0.026157843,0.009483064,0.015347913,0.002336868,0.0020832198,14.245526,5.9399996,19.118435,40.833755,0.011755102,0.9976652,15.4255,14.93127,14.719177,14.533114,REX,0.014443,0.00015,NED_20096dF...C...0000J,4329.902,44.968869,535.262,4.516775,4.246819
47,163.65586774862038,-25.326478035889817,18.088654,17.402979,16.98754,16.816074,16.6941,17.925505,17.981382,17.433895,17.468348,17.246492,16.754118,16.658781,0.07335172,0.021307595,0.018892132,0.026227523,0.04681494,0.080961555,0.13066949,0.071505085,0.06755734,0.046216536,0.01786901,0.05233534,0.0010105806,0.00082562806,44.913033,5.9399996,7.904377,16.742792,0.01467347,0.99789697,17.3963,16.94253,16.765203,16.639633,SER,,,,,,,4.554481304704083,
48,156.68645,-23.411083,18.119167,17.481487,16.98563,16.947079,16.909546,17.87975,17.739847,17.775194,17.361649,17.05352,16.673962,16.74358,0.08025141,0.038244218,0.024209758,0.03376694,0.062368017,0.0989453,0.1388076,0.14072339,0.09301655,0.06050603,0.021891406,0.061669573,0.0014772423,0.00064387603,55.68935,5.9399996,8.323363,20.679707,0.009489796,0.9973369,,,,,,0.012288,0.000173,NED_2003MNRAS.339..652K,3683.85,51.864095,-102.73,4.671306,4.392114
49,157.01031,-23.25628,15.016953,13.90515,13.372525,13.161156,12.959462,14.611771,14.145323,14.277393,14.138368,13.738304,13.15749,13.058235,0.015569725,0.00512864,0.00298503,0.0034860137,0.0054612868,0.016032822,0.017198035,0.018823206,0.016011354,0.009639769,0.0029539866,0.006909032,0.00404318,0.0035899563,41.77077,5.2799997,30.372595,62.488117,0.012510205,0.9981422,13.880632,13.330998,13.039261,12.866437,SER,0.012792,1e-05,NED_2003A&A...408..465M,3834.945,2.997925,46.48,4.681893,4.402069
50,162.30693,-31.304882,15.353641,14.123545,13.439153,13.088534,12.838326,15.102583,14.8787155,14.59514,14.486288,13.903957,13.202066,12.938833,0.015179722,0.003119592,0.0020989694,0.002202546,0.0032847985,0.015749484,0.018212743,0.0132832555,0.010970192,0.005747051,0.001975306,0.004326635,0.003215121,0.0017277655,26.317234,5.2799997,16.548475,41.465607,0.013918368,0.99842846,13.841485,13.093855,12.73726,12.516343,SER,0.010747,1.7e-05,NED_1998A&AS..130..333T,3221.87,5.096472,-558.946,4.685162,4.405142
51,153.6453,-27.69293,14.727945,13.681167,13.014459,12.65811,12.408197,14.719108,14.258022,14.148933,14.104395,13.576023,12.816949,12.48211,0.56962746,0.005550753,0.002930848,0.0024378053,0.0031109361,0.027548868,0.027375424,0.0215841,0.01816859,0.010085446,0.0026128283,0.0041403933,0.0030176223,0.002101302,53.735863,7.2599993,16.110909,45.805683,0.016408164,0.9980489,,,,,,0.008406,7e-06,NED_1993AJ....106.1394B,2520.055,2.098547,-1252.003,4.926514,4.63207
52,160.9508,-22.816765,15.46384,14.440021,13.898563,13.662022,13.502443,14.931932,14.988781,14.681986,14.612815,14.248721,13.644402,13.551852,0.08250294,0.008308372,0.004683135,0.004524498,0.0062435167,0.021553203,0.031967837,0.026140412,0.023175072,0.014219934,0.004301252,0.008331192,0.0026028154,0.0022612936,-74.908775,5.2799997,18.988949,44.62129,0.018510206,0.9996119,14.576779,13.960432,13.691158,13.479393,SER,0.012659,3.3e-05,NED_2003MNRAS.339..652K,3795.073,9.893151,7.105,4.951682,4.655733
53,162.74304,-23.65888,14.684872,13.6223755,13.066738,12.826551,12.623372,14.350808,14.214936,13.973466,13.845646,13.454492,12.765095,12.710358,0.036238797,0.002026967,0.0013808176,0.0016478623,0.002640428,0.007815373,0.010600083,0.008071201,0.0067617004,0.0039627007,0.0012913342,0.0034101042,0.0033010712,0.002451961,-9.622028,4.62,19.7147,47.894085,0.015510205,0.99986345,,,,,,0.013272,1.7e-05,NED_2003MNRAS.339..652K,3978.846,5.096472,188.585,4.978199,4.680665
54,157.76074088266878,-22.66404293410165,18.131176,16.985746,16.519703,16.266022,16.24948,17.626045,17.612408,17.206932,17.243376,16.835121,16.374868,16.279707,0.084738895,0.015458156,0.013237074,0.016278848,0.03124314,0.06570994,0.098304965,0.05997895,0.05689003,0.032602705,0.01330198,0.036929257,0.0014876509,0.0009162613,1.5398501,5.9399996,10.814368,24.41082,0.014755103,0.9958581,16.815182,16.326797,16.098211,16.006683,SER,,,,,,,5.0247423717607855,
55,164.40977,-25.504482,15.207107,14.410477,13.759739,13.419348,13.181988,15.286045,15.137292,14.787714,14.774448,14.224407,13.485313,13.302874,0.017659979,0.005858564,0.0029432958,0.003047904,0.00435068,0.02996338,0.04582073,0.031640634,0.030025309,0.013544821,0.0028313815,0.0059009874,0.002970458,0.0019652117,38.971756,5.2799997,19.345522,44.938828,0.008163266,0.9987106,,,,,,0.013026,4e-05,NED_2003MNRAS.339..652K,3905.097,11.991698,115.756,5.042598,4.741215
56,164.05643,-24.300543,17.087145,16.332005,15.868687,15.707093,15.522968,15.048078,16.783548,16.660933,16.695147,15.94336,15.547866,15.490309,0.63714,0.020354122,0.014598639,0.018517835,0.02962665,0.013635812,0.08809586,0.07717024,0.07219731,0.030910151,0.01203393,0.031384103,0.0016879879,0.0012893123,-88.2926,5.9399996,13.77584,32.322258,0.011755102,0.99885833,16.052788,15.562534,15.372739,15.202162,SER,0.013159,0.00015,NED_20096dF...C...0000J,3944.969,44.968869,155.131,5.378253,5.056809
57,155.11874,-23.479214,17.389189,16.700298,16.34091,16.225504,16.035852,17.152071,16.98513,16.816458,16.785973,16.45074,15.9764185,16.202326,0.039651316,0.014286414,0.010801363,0.014033677,0.022061873,0.045623526,0.06184617,0.04908429,0.045818496,0.027815895,0.009389785,0.030586375,0.0011453828,0.000997706,5.4271903,5.9399996,7.933037,21.1295,0.011673469,0.9989066,16.711021,16.404932,16.36066,16.251238,SER,0.012068,0.00015,NED_20096dF...C...0000J,3617.895,44.968869,-167.861,5.421246,5.097233
58,164.96255,-25.495678,14.8631525,14.006963,13.286069,12.548302,12.115739,13.193714,14.547847,14.112435,14.008746,13.511212,13.069025,12.796797,0.18178156,0.017174803,0.007904665,0.005666259,0.006987631,0.022860778,0.120123774,0.07630992,0.06652431,0.031278968,0.007951125,0.015861006,0.0089421505,0.0064612944,-87.67727,2.73,29.521738,217.71756,0.012244898,0.9992213,14.266572,13.630584,13.354465,13.12801,SER,0.012502,5e-05,NED_2003A&A...412...57P,3748.005,14.989623,-39.375,5.498791,5.170143
59,164.8837847478565,-29.989293222028024,17.603888,16.99237,16.637754,16.828747,16.65625,17.137838,17.308105,17.089546,16.691957,16.794825,16.464264,16.529581,0.065278664,0.024831288,0.023738936,0.042928927,0.067434594,0.060604595,0.116368435,0.08563734,0.053417645,0.050420582,0.020992769,0.06972535,0.002112967,0.001486375,72.17846,7.919999,15.726255,39.61371,0.008918368,0.99151474,17.355314,17.048819,16.875126,16.893015,EXP,,,,,,,5.563703164920369,
60,162.8768261868544,-22.96129570978881,16.688957,16.776625,16.38299,16.26831,15.994039,17.341032,17.129326,16.803043,16.85967,16.43907,16.152758,16.067343,0.03402816,0.023734536,0.018760713,0.033501454,0.041750588,0.9146763,0.108391434,0.07490734,0.07336569,0.041625943,0.017687246,0.052082,0.001792723,0.0012149834,-14.56465,7.2599993,13.564714,30.176,0.007591837,0.994042,,,,,,,,,,,,5.641933771967977,
61,154.52382371556337,-31.64697503386149,17.585316,17.126984,16.690422,16.536787,16.446558,17.407381,17.397152,17.255919,17.064672,16.832394,16.391865,16.404434,0.08968527,0.043565232,0.0275413,0.025677765,0.035202827,0.10374803,0.14807461,0.13108337,0.099291906,0.07152811,0.025335884,0.07076508,0.00093957095,0.0007221717,-13.648081,5.9399996,7.3511915,17.763426,0.008244898,0.9987856,17.046312,16.756475,,16.640144,SER,,,,,,,5.792119460750059,
62,165.62917,-26.168722,15.749277,15.205419,14.907373,14.875135,14.735321,15.2880535,15.613364,15.385234,15.302791,14.955027,14.3163805,14.837532,0.022381868,0.009884874,0.00667663,0.009127928,0.014681056,0.02423099,0.057978556,0.04373318,0.039050765,0.021645948,0.0048927055,0.01959615,0.0028610344,0.0009837273,-17.116861,5.9399996,13.54165,39.675297,0.00867347,0.9998645,14.703224,14.522955,14.527882,14.396468,SER,0.013216,2.3e-05,NED_2003MNRAS.339..652K,3962.057,6.895227,172.006,5.862045,5.511687
63,152.8061583801378,-29.457748096108435,17.924952,17.176615,16.969425,16.979452,17.048092,17.615494,17.36946,17.6982,17.207096,17.124777,16.617826,16.841312,1.0697942,0.86970484,0.9206462,1.1251295,2.928512,0.70705897,2.5273757,4.0354924,2.7702117,2.5787067,0.90699285,2.5729892,0.00136011,0.00047510848,-77.571976,6.5999994,9.478918,22.853477,0.011326531,0.99883705,18.31767,18.152748,18.22275,18.15061,REX,,,,,,,5.94129901231091,
64,162.59094,-22.321667,15.72584,14.571222,13.965811,13.686106,13.453126,15.326007,15.297392,15.0380745,14.88,14.388892,13.743262,13.539478,0.0600501,0.0035750389,0.002391545,0.0034317768,0.0043094256,0.15985525,0.022289691,0.016182866,0.013244323,0.007150527,0.0023677195,0.005574639,0.0021609985,0.0020917642,31.610544,3.9599998,11.730899,38.369293,0.014244898,0.99538034,14.430133,13.732462,13.430558,13.207198,SER,0.012662,3.2e-05,NED_2006HIPAS.C...0000:,3795.972,9.593359,7.993,6.005044,5.646138
65,152.6466466008346,-25.82353993807732,15.991696,15.092693,14.661494,14.45991,14.258779,15.585336,15.549635,14.637323,15.288807,14.979722,14.48257,14.083243,0.050018642,0.0086713545,0.0065765763,0.008613071,0.01451149,0.029072516,0.043048035,0.01778614,0.029847212,0.019164855,0.0068496605,0.014269937,0.0057829386,0.0019061046,13.124898,5.9399996,27.501644,71.67939,0.015163266,0.8260987,15.081049,14.554703,14.343011,14.189886,SER,,,,,,,6.092464364408187,
66,161.55597361915048,-21.79877834995786,,,,,,,,,,,,,,,,,,,,,,,,,,,,,,,,,,,,,,,,,,,,6.12062507289217,
67,152.4089903184058,-25.98130114957565,,,,,,,,,,,,,,,,,,,,,,,,,,,,,,,,,,,,,,0.0103479927458669,,simbad,,,,6.233978501557286,
68,156.12733546814195,-21.79077504622754,14.836498,13.659172,13.127674,12.865956,12.64967,14.398371,14.076963,14.001976,13.915872,13.493785,12.837007,12.758837,0.24454524,0.00563347,0.00281484,0.002496219,0.0030797953,0.02028684,0.019692099,0.020140696,0.016936725,0.0092353085,0.0024645738,0.004131264,0.0031177509,0.0026302596,1.0248835,5.2799997,20.630453,45.899605,0.011591837,0.99936086,13.666479,13.034672,12.744465,12.518892,SER,0.011842,1.3e-05,NED_2003A&A...412...57P,3550.142,3.897302,-234.769,6.340734,5.961765
69,154.71637,-32.596554,16.610937,15.564524,15.157887,15.056244,14.952807,15.988997,16.078453,15.689386,15.694231,15.476899,14.97926,14.985221,0.08118875,0.023761567,0.015181158,0.015088932,0.020768125,0.062761776,0.09789191,0.070077375,0.063163124,0.047375042,0.015797094,0.029729687,0.0024218895,0.0012667204,-24.288126,5.9399996,18.02909,40.616642,0.015326532,0.90716475,,,,,,0.00454,2.9e-05,NED_2006HIPAS.C...0000:,1361.058,8.693981,-2396.54,6.448488,6.063079
70,161.2647997786924,-21.303269623640315,18.051514,17.547546,17.249115,17.214811,16.91644,17.95753,17.648438,17.477922,17.453564,17.208664,16.953632,17.10747,0.40390152,0.052343246,0.041200038,0.057836812,0.084119625,0.22007845,0.18489937,0.14893746,0.13587886,0.08716461,0.03620411,0.11909951,0.0009653453,0.00087585964,79.957954,10.56,13.284674,28.05748,0.016591838,0.9392107,18.019001,17.496809,17.324202,17.201073,REX,,,,,,,6.493105011236581,
71,154.83827,-22.142696,18.211058,17.398632,17.3849,17.53915,17.379698,17.611195,17.76287,17.819452,17.76183,16.355299,16.175549,17.555817,0.03197527,0.012391759,0.011803105,0.018538821,0.02873786,0.03008433,0.05216493,0.05124489,0.046448145,0.012633029,0.005748952,0.04214047,0.00052762986,0.0004936438,-79.981186,5.9399996,4.1164613,8.921218,0.015408164,0.99997556,17.16018,17.231766,17.712982,17.521948,SER,0.01214,0.00033,NED_1991A&A...251..417P,3639.48,98.931511,-146.546,6.620605,6.22491
72,156.88278653541678,-33.8352201600877,17.356426,16.60867,16.077515,15.820693,15.845489,16.915106,16.861612,16.039688,16.467981,14.780871,15.824675,15.850192,0.26317385,0.022594025,0.015399165,0.019250745,0.039071236,0.06586742,0.092057556,0.041044824,0.055956572,0.010748937,0.014603298,0.0478835,0.00177065,0.00114238,1.253358,5.9399996,15.280084,37.99894,0.00767347,0.9873111,16.687805,16.1806,,,SER,,,,,,,6.6228977652483305,
73,158.4252513015424,-34.22844776610405,18.058615,16.611435,16.001606,15.777914,15.622431,17.259737,17.375893,17.270557,17.091764,16.33807,15.621904,15.640006,0.07304576,0.01126548,0.007191876,0.008277152,0.013396114,0.053958345,0.09913925,0.07830646,0.06053232,0.025537916,0.006429099,0.016846413,0.0014888247,0.0013146456,-23.145784,5.9399996,10.383822,28.440718,0.012326531,0.9980038,16.668282,15.892876,15.894965,15.743528,SER,,,,,,,6.743215651491509,
74,158.96315,-34.269817,15.662145,14.746405,14.307625,14.118842,13.975538,15.325635,15.133687,14.996547,14.936729,14.570268,14.058995,14.023735,0.013960461,0.0034979891,0.0026267222,0.0030710478,0.0050150114,0.01574437,0.021981478,0.016474424,0.014214362,0.008630072,0.0026470704,0.006495264,0.0028990544,0.0021471714,70.71469,5.2799997,17.502945,41.486565,0.013326531,0.99870944,14.773115,14.268526,14.042939,13.870564,SER,0.012826,6.3e-05,NED_1991RC3.9.C...0000d,3845.138,18.886925,56.546,6.755248,6.351505
75,160.39124,-20.840078,17.998077,16.707155,16.193308,15.917608,15.753221,17.582369,17.198494,16.954428,17.035074,15.6849575,15.900673,15.774988,0.09508058,0.021336537,0.013238579,0.014351839,0.023049532,0.08782219,0.09166487,0.07294841,0.07281103,0.01786424,0.013855468,0.026540676,0.0016596032,0.000607199,-22.764603,5.2799997,8.981562,20.275808,0.013836735,0.9975116,16.64519,16.102215,15.881257,15.707438,SER,0.012655,0.00015,NED_20096dF...C...0000J,3793.874,44.968869,5.921,6.761175,6.357078
76,163.4188,-21.792774,14.722639,13.690016,13.143013,12.933244,12.70694,14.359061,14.205533,13.994657,13.905053,13.5325775,12.716736,12.817334,0.006083921,0.0016302331,0.0011017289,0.001271028,0.0017914877,0.005764484,0.007377133,0.0057608574,0.004999269,0.0031633594,0.0009981199,0.0022767794,0.0025441102,0.0013523598,-81.94892,4.62,14.461914,30.402767,0.011081632,0.99981123,,,,,,0.013329,4e-05,NED_2003A&A...412...57P,3995.934,11.991698,205.46,6.84075,6.431897
77,161.04044,-20.819408,17.310448,16.315086,15.855532,15.606785,15.496955,16.897322,16.992247,16.75027,16.596472,16.141577,15.522744,15.666683,0.13234635,0.016101766,0.0120319985,0.014825518,0.025846662,0.055632863,0.09767905,0.07346462,0.060820453,0.03322382,0.009932972,0.032469165,0.0020016225,0.0009354265,-70.83245,5.9399996,9.709394,27.616362,0.012489796,0.9995408,16.066544,15.626124,15.485965,15.331666,SER,0.012629,0.00015,NED_20096dF...C...0000J,3786.079,44.968869,-1.776,6.895022,6.482925
78,163.47366831691525,-21.81976624803644,18.807169,17.586378,17.07291,16.769602,16.64436,18.179407,18.094416,17.897537,17.873026,17.362265,16.855412,16.76829,0.09369152,0.017175453,0.0118439,0.014025736,0.023810482,0.068116456,0.09343514,0.071953654,0.06444871,0.033732675,0.011714631,0.02943779,0.00091128924,0.00048097764,-45.088757,5.9399996,6.687969,12.402579,0.0202449,0.74331015,,,,,,0.03779,,VizieR_J/ApJ/907/123/sdss_sz,,,,6.895724487448699,
79,152.92686783677016,-31.64267191520137,,,,,,,,,,,,,,,,,,,,,,,,,,,,,,,,,15.420383,14.333949,13.844146,13.331212,SER,0.00946,5e-06,NED_2005ApJS..160..149S,2836.037,1.498962,-939.965,6.92377,6.509955
80,165.70845708142028,-23.591534920783623,15.3778515,14.341982,13.700056,13.4083185,13.135888,14.81217,14.669993,14.720606,14.477989,14.029671,13.446088,13.251909,0.25789523,0.0056468053,0.0031956641,0.0035990167,0.0051799323,0.36737847,0.028544035,0.025942696,0.019906789,0.009862747,0.0027960832,0.0059889476,0.003378145,0.0014891219,73.051155,5.9399996,19.846336,44.326065,0.012489796,0.99781686,,,,,,0.012072,9e-06,NED_2005ApJS..160..149S,3619.095,2.698132,-166.677,6.983573,6.566183
